[
{
    "model": "auth.group",
    "fields": {
        "name": "Classe di prova",
        "permissions": []
    }
},
{
    "model": "sessions.session",
    "pk": "0ftvykr7h882xoleeiuoy3r46g8aemiw",
    "fields": {
        "session_data": "eyJwb2ludHMiOjAsImFuc3dlcmVkX3F1ZXN0aW9ucyI6W119:1snuvd:2viOtkH8IvDN44p8_vMtf5Nqim1V0xqN8r20nXLOs5w",
        "expire_date": "2024-09-24T07:04:45.217Z"
    }
},
{
    "model": "sessions.session",
    "pk": "1x8sj2lvp06jbii66szb6e6z4kjdouv6",
    "fields": {
        "session_data": "eyJwb2ludHMiOjAsImFuc3dlcmVkX3F1ZXN0aW9ucyI6W119:1snnKy:WcJ7He6MsFki9aaaXHiVQsE1j3cz6KecnxSMRq5a-cU",
        "expire_date": "2024-09-23T22:58:24.942Z"
    }
},
{
    "model": "sessions.session",
    "pk": "2g482m5uqtyyqjnf9iwatn2ak2vx9yns",
    "fields": {
        "session_data": "eyJjaGFpbiI6WzFdLCJwb2ludHMiOjB9:1snvdn:eM1_WlDvi9FxBGuhYEveA9WeSkBCR9gaLWYN-USPvp4",
        "expire_date": "2024-09-24T07:50:23.463Z"
    }
},
{
    "model": "sessions.session",
    "pk": "2vq1o9rekrk4kds5is2ospgepgm6jrz6",
    "fields": {
        "session_data": "eyJwb2ludHMiOjAsImFuc3dlcmVkX3F1ZXN0aW9ucyI6W119:1sldiv:4hkVyYMjHL0xNAmBRqg6uce9_Im7Dpm05Q35EnicXHg",
        "expire_date": "2024-09-18T00:18:13.981Z"
    }
},
{
    "model": "sessions.session",
    "pk": "3ikflqeie1xh7yqk2u0i217tv9cf9bp8",
    "fields": {
        "session_data": "eyJjaGFpbiI6WzE4XSwicG9pbnRzIjowfQ:1snypN:6MhtrhbigySndwCVGXSLETBZQBf34xUr5i9DqCfDn_I",
        "expire_date": "2024-09-24T11:14:33.415Z"
    }
},
{
    "model": "sessions.session",
    "pk": "3jqk2cgbvyd87k67k99h8qayyhmex268",
    "fields": {
        "session_data": "eyJwb2ludHMiOjAsImFuc3dlcmVkX3F1ZXN0aW9ucyI6W119:1snnXl:OgKwyF515zoAwXZcMuwVzmPx65A2qaitLryQ-ayFLeo",
        "expire_date": "2024-09-23T23:11:37.657Z"
    }
},
{
    "model": "sessions.session",
    "pk": "3xzu5ky7yishq2gq1gtxl5tiis8squ6k",
    "fields": {
        "session_data": "eyJwb2ludHMiOjAsImFuc3dlcmVkX3F1ZXN0aW9ucyI6W119:1snt0M:1AuRZJOLClGA1imkJIV3q2hvbSsbhFcMA09m4U0i6lM",
        "expire_date": "2024-09-24T05:01:30.576Z"
    }
},
{
    "model": "sessions.session",
    "pk": "472w9a1w70ey7jy0bcp053ovvfyaeyvr",
    "fields": {
        "session_data": "eyJwb2ludHMiOjAsImFuc3dlcmVkX3F1ZXN0aW9ucyI6W119:1smLWT:n2JbE1uUPYcFXBcWh8471OWre5BALYOu8odBIFKMhg8",
        "expire_date": "2024-09-19T23:04:17.664Z"
    }
},
{
    "model": "sessions.session",
    "pk": "49296df0wookjoknckp6wowzgmlllohl",
    "fields": {
        "session_data": "eyJwb2ludHMiOjAsImFuc3dlcmVkX3F1ZXN0aW9ucyI6W119:1so27n:i1ynjkmr6cnQkD9eX96LIIu7kvXw1VVeNiaEkqRsIVg",
        "expire_date": "2024-09-24T14:45:47.301Z"
    }
},
{
    "model": "sessions.session",
    "pk": "5o5feduqrpszfkqx9gu3nyoms6eriu3p",
    "fields": {
        "session_data": "eyJjaGFpbiI6WzldLCJwb2ludHMiOjB9:1sntgv:Ml0YFF5-Wlo-oiYyGl9i9O7Miksi0M4XZxhFzO2YupY",
        "expire_date": "2024-09-24T05:45:29.036Z"
    }
},
{
    "model": "sessions.session",
    "pk": "6b88l5nclnd8hn0uvb2reqz7otnul60s",
    "fields": {
        "session_data": "eyJwb2ludHMiOjAsImFuc3dlcmVkX3F1ZXN0aW9ucyI6W119:1snv24:DCr76Q19rxeDBpAxkrlR8314EeEZkLqMtjg-jUdhNe8",
        "expire_date": "2024-09-24T07:11:24.188Z"
    }
},
{
    "model": "sessions.session",
    "pk": "78aovusqdsaa5w1fav8qqkhyemf80aax",
    "fields": {
        "session_data": "eyJwb2ludHMiOjAsImFuc3dlcmVkX3F1ZXN0aW9ucyI6W119:1snk5f:l0uJ0pfc0oUgpK_HsvXMLPhPOpyUPJoRhPUOAPks-IY",
        "expire_date": "2024-09-23T19:30:23.373Z"
    }
},
{
    "model": "sessions.session",
    "pk": "7cn91cdrq5jpcx85iyx8tuqggea7x0mp",
    "fields": {
        "session_data": "eyJwb2ludHMiOjAsImFuc3dlcmVkX3F1ZXN0aW9ucyI6W119:1sns3I:pU2w_Ah9arTDwdjKL6xY_74b2cg6osQjuO322Jowko8",
        "expire_date": "2024-09-24T04:00:28.385Z"
    }
},
{
    "model": "sessions.session",
    "pk": "8ysfze2lek41ge9ww1p7it6aweik6uxk",
    "fields": {
        "session_data": "eyJwb2ludHMiOjAsImFuc3dlcmVkX3F1ZXN0aW9ucyI6W119:1slWns:daZSJ5XpAwRA7OWV3njAG_ksWw9Skmv3etO1lcJ2WyI",
        "expire_date": "2024-09-17T16:54:52.466Z"
    }
},
{
    "model": "sessions.session",
    "pk": "9r4bkv3dduepqg9hpz74ds3q59deak2e",
    "fields": {
        "session_data": "eyJjaGFpbiI6WzIwXSwicG9pbnRzIjowfQ:1snpBm:bowHKW4Wtp0OXlfJdebCbep5_IPtAVuN1HrIsFHcJ6w",
        "expire_date": "2024-09-24T00:57:02.813Z"
    }
},
{
    "model": "sessions.session",
    "pk": "a5f2t35qvsgvmcs0mj89m7gr9ux286pr",
    "fields": {
        "session_data": "eyJwb2ludHMiOjAsImFuc3dlcmVkX3F1ZXN0aW9ucyI6W119:1snwJ0:ch9tuNdVwBy3UkBG9Hitgx_cqqNxbdrarfhe8qiws50",
        "expire_date": "2024-09-24T08:32:58.559Z"
    }
},
{
    "model": "sessions.session",
    "pk": "agmp381d9awlnz4sj3w6r1gb215uppw2",
    "fields": {
        "session_data": "eyJwb2ludHMiOjAsImFuc3dlcmVkX3F1ZXN0aW9ucyI6W119:1smSTQ:0u0qlBvl6aREsEhL0nZjUT4pnQs1D-hyBpvGR73VPCM",
        "expire_date": "2024-09-20T06:29:36.038Z"
    }
},
{
    "model": "sessions.session",
    "pk": "ah2521ahxcuzzrj9jjf3uhlxykkqkj9a",
    "fields": {
        "session_data": "eyJjaGFpbiI6WzE4XSwicG9pbnRzIjowfQ:1snmfL:c99nHdylvfPamkpyZTdyq0KhUsWpBQk6nOFysm0XnrM",
        "expire_date": "2024-09-23T22:15:23.907Z"
    }
},
{
    "model": "sessions.session",
    "pk": "aq0r0s4hejnykjsrikb6ja9crajkqdsh",
    "fields": {
        "session_data": "eyJwb2ludHMiOjAsImFuc3dlcmVkX3F1ZXN0aW9ucyI6W119:1slxUd:9648MwTQj4ckikbwtaUf9wGSUuWxxAR4kAObZW_6VxU",
        "expire_date": "2024-09-18T21:24:47.190Z"
    }
},
{
    "model": "sessions.session",
    "pk": "ay331jjm0krnvg8dhcw9nh0s53732yan",
    "fields": {
        "session_data": "eyJwb2ludHMiOjAsImFuc3dlcmVkX3F1ZXN0aW9ucyI6W119:1snlxn:_VwDnHf0cQLIDDSskmUrVc6bihw59H9ofzNVeWOm_L4",
        "expire_date": "2024-09-23T21:30:23.987Z"
    }
},
{
    "model": "sessions.session",
    "pk": "bdi1gjqa5xvfuigw3kmu7f1qu3a3h742",
    "fields": {
        "session_data": "eyJjaGFpbiI6WzIwXSwicG9pbnRzIjowfQ:1sntik:8JI3HGKulzvhSYzgVeydXzTtJ0eWBbHn8CMFXb7d8aQ",
        "expire_date": "2024-09-24T05:47:22.997Z"
    }
},
{
    "model": "sessions.session",
    "pk": "bwqdjw38qww6y97girnee9n0jezgfx2m",
    "fields": {
        "session_data": "eyJjaGFpbiI6WzE1XSwicG9pbnRzIjowfQ:1snvPG:71IY33OGIGPyvjl6ecCHKc2tbuTaxgW-ra07ipahNkY",
        "expire_date": "2024-09-24T07:35:22.087Z"
    }
},
{
    "model": "sessions.session",
    "pk": "chbz8p1a63jei56mqxp033m8zuy5tvhf",
    "fields": {
        "session_data": "eyJwb2ludHMiOjAsImFuc3dlcmVkX3F1ZXN0aW9ucyI6W119:1smWS5:yPuqmAo_oi-dR8LAwdUJ2jmauMdO6DK9Bs1qV1pQyhM",
        "expire_date": "2024-09-20T10:44:29.161Z"
    }
},
{
    "model": "sessions.session",
    "pk": "dgzt4gziik6f9pc6w0a8zrbf33kftn2r",
    "fields": {
        "session_data": "eyJjaGFpbiI6WzExXSwicG9pbnRzIjowfQ:1sntxg:ah88QI4ZUiSvqY_XMnV64APkgm2oFlV0iFsPzK6UXJs",
        "expire_date": "2024-09-24T06:02:48.594Z"
    }
},
{
    "model": "sessions.session",
    "pk": "dzktjvi0oy4cscui1fjxb1t7xhfgvfbm",
    "fields": {
        "session_data": "eyJjaGFpbiI6WzldLCJwb2ludHMiOjB9:1snpPl:Cke4pk8qgT1L-sDWPl-CGRGr8RwaAFvGBN7-2TA7HM8",
        "expire_date": "2024-09-24T01:11:29.927Z"
    }
},
{
    "model": "sessions.session",
    "pk": "e5vkpeznn95wqx0toinokrfpi479xqsz",
    "fields": {
        "session_data": "eyJwb2ludHMiOjAsImFuc3dlcmVkX3F1ZXN0aW9ucyI6W119:1smKhO:kWjV9mUTRBL1j-8cfDcd0_E6teOtc3a7SSr2JlBYhe0",
        "expire_date": "2024-09-19T22:11:30.320Z"
    }
},
{
    "model": "sessions.session",
    "pk": "e8ie1wz2iiuw2x23qwpyq40nurvdj1ur",
    "fields": {
        "session_data": "eyJwb2ludHMiOjAsImFuc3dlcmVkX3F1ZXN0aW9ucyI6W119:1snnZi:F82nhuwm4dph82pIdiR2liSecNtJ1PtlqLdQJrIHGcg",
        "expire_date": "2024-09-23T23:13:38.937Z"
    }
},
{
    "model": "sessions.session",
    "pk": "ejw1cyruagyozfhh6ely3o6kooeg5n2v",
    "fields": {
        "session_data": "eyJwb2ludHMiOjAsImFuc3dlcmVkX3F1ZXN0aW9ucyI6W119:1snpG4:ahuBpM7I9u1Ym9gxwYOzLLqGv-lNpxxIidXp8kmYfEA",
        "expire_date": "2024-09-24T01:01:28.386Z"
    }
},
{
    "model": "sessions.session",
    "pk": "ffnkfr7d2s49y6alctsaxnyvrn1wzwyb",
    "fields": {
        "session_data": "eyJwb2ludHMiOjAsImFuc3dlcmVkX3F1ZXN0aW9ucyI6W119:1snrJq:cLyR_MS1FfRGJAXXNfGhLk3AT57lGmpsoKrnMH00VSY",
        "expire_date": "2024-09-24T03:13:30.260Z"
    }
},
{
    "model": "sessions.session",
    "pk": "hcks3serubv56h5afhrykgc336bdfogw",
    "fields": {
        "session_data": "eyJjaGFpbiI6WzE1XSwicG9pbnRzIjowfQ:1snmHd:f_kih6n_KhIaQN2oO817FwR_mEbaPakx1rLADklP2OM",
        "expire_date": "2024-09-23T21:50:53.961Z"
    }
},
{
    "model": "sessions.session",
    "pk": "j9u33ku5dj4jq6ql1ksr3wgu1ruw3hlu",
    "fields": {
        "session_data": "eyJwb2ludHMiOjAsImFuc3dlcmVkX3F1ZXN0aW9ucyI6W119:1sltlj:TfQxjhWjv_42eUVeB1M1NkzCPFBsySJV9CWoXRK_X2g",
        "expire_date": "2024-09-18T17:26:11.527Z"
    }
},
{
    "model": "sessions.session",
    "pk": "jokoaz8e7e2q4qbdkcje57f2zx17noh6",
    "fields": {
        "session_data": "eyJwb2ludHMiOjAsImFuc3dlcmVkX3F1ZXN0aW9ucyI6W119:1so0Ex:d9nxC02iZeNXO1B71jF-A-LKrC6tHYP2VcuD-c5gdhA",
        "expire_date": "2024-09-24T12:45:03.593Z"
    }
},
{
    "model": "sessions.session",
    "pk": "js5zq63fqvah5ww526jxa0cfqo6a522h",
    "fields": {
        "session_data": "eyJwb2ludHMiOjAsImFuc3dlcmVkX3F1ZXN0aW9ucyI6W119:1slZni:R3wjs0_gLr-8NZV9eNNO9hmB8aGtTTgPFP63YXHGauo",
        "expire_date": "2024-09-17T20:06:54.138Z"
    }
},
{
    "model": "sessions.session",
    "pk": "jt635fm3jhnsx999vs5gbp83lefusxi1",
    "fields": {
        "session_data": "eyJjaGFpbiI6WzVdLCJwb2ludHMiOjB9:1snobO:XpKhai2RYp5i-G_2b15fjBMJ2QJ9wRd7OMuyX85y_0o",
        "expire_date": "2024-09-24T00:19:26.107Z"
    }
},
{
    "model": "sessions.session",
    "pk": "ju5yaa5c4burqlnki532sfkf14m4hfn0",
    "fields": {
        "session_data": "eyJwb2ludHMiOjAsImFuc3dlcmVkX3F1ZXN0aW9ucyI6W119:1sn40D:JrnIdb7e6NjjAbEV2D0Z9qUb_5SObfC-jHVckeFgprw",
        "expire_date": "2024-09-21T22:33:57.695Z"
    }
},
{
    "model": "sessions.session",
    "pk": "juqg3100yj4x7o467j02azym55oy5c5b",
    "fields": {
        "session_data": "eyJwb2ludHMiOjAsImFuc3dlcmVkX3F1ZXN0aW9ucyI6W119:1slTp3:-9rL2dzDQQGfwwm-D9c8pG6LgElwdHyG2uNWhCP06PM",
        "expire_date": "2024-09-17T13:43:53.286Z"
    }
},
{
    "model": "sessions.session",
    "pk": "k3uc582lc4fd0fc412ookfvx64xy7rzy",
    "fields": {
        "session_data": "eyJjaGFpbiI6WzE3XSwicG9pbnRzIjowfQ:1sntU4:8uhZNIB7A9M4T_9emy509PMip8qG2i8wyjZGjyi5IxU",
        "expire_date": "2024-09-24T05:32:12.551Z"
    }
},
{
    "model": "sessions.session",
    "pk": "k8j0e5a6uug34k6sdmzn1bebzbmzrmkh",
    "fields": {
        "session_data": "eyJjaGFpbiI6WzEzXSwicG9pbnRzIjowfQ:1snuh8:zkzDTwFcx7NN6kT_nAXx2zwIBXvY3ngxnVq_y9k5uW0",
        "expire_date": "2024-09-24T06:49:46.751Z"
    }
},
{
    "model": "sessions.session",
    "pk": "khpcmqrzo9o52vuhtta6bqqker3sf52d",
    "fields": {
        "session_data": "eyJwb2ludHMiOjAsImFuc3dlcmVkX3F1ZXN0aW9ucyI6W119:1sltQP:OVPDmKBF8jEyJGDxojWUATS7NcXc7D-r_GcTvAEMAfk",
        "expire_date": "2024-09-18T17:04:09.282Z"
    }
},
{
    "model": "sessions.session",
    "pk": "lc8z7l8b6yhsxsijtq3a0vr3drvzohtg",
    "fields": {
        "session_data": "eyJwb2ludHMiOjAsImFuc3dlcmVkX3F1ZXN0aW9ucyI6W119:1smQrj:zCXmiFjpXgteg2YmmxCXd_AsWHPOQ9GiUXnLaac3HV8",
        "expire_date": "2024-09-20T04:46:35.842Z"
    }
},
{
    "model": "sessions.session",
    "pk": "mxw0nc82t1alrlbwthgi1mvrzxxxxhym",
    "fields": {
        "session_data": "eyJwb2ludHMiOjAsImFuc3dlcmVkX3F1ZXN0aW9ucyI6W119:1slowf:5dXeo549cIXE5nSI_Si8QpCYvmK9dcrWKg6vltVaCp0",
        "expire_date": "2024-09-18T12:17:09.210Z"
    }
},
{
    "model": "sessions.session",
    "pk": "qinx69g6mtdfk5vjdd5nxyqw8n74zp0b",
    "fields": {
        "session_data": "eyJwb2ludHMiOjAsImFuc3dlcmVkX3F1ZXN0aW9ucyI6W119:1so7KG:d-H0xNAQiJ7u-fkVQpLyc5NLI9oLpVTqbouAeK37kG4",
        "expire_date": "2024-09-24T20:19:00.466Z"
    }
},
{
    "model": "sessions.session",
    "pk": "rwlrgth5jjlpaw5ucd011nq07kd85nej",
    "fields": {
        "session_data": "eyJwb2ludHMiOjAsImFuc3dlcmVkX3F1ZXN0aW9ucyI6W119:1sluCy:NYh0Hs-PI2neKRZ3zJZE7ESkK-SDPfOAxWUUyJytbic",
        "expire_date": "2024-09-18T17:54:20.017Z"
    }
},
{
    "model": "sessions.session",
    "pk": "s7xevko7y998ff9m9rs9zi0hvuoz5eod",
    "fields": {
        "session_data": ".eJxVjEEOwiAURO_CuiEtpRS6dO8JTEM-8BXUgBYaF8a7S5MudDeZefPeRMNavF4zLjo4MpGONL-dAXvDuA3uCvGSqE2xLMHQDaH7mukxObwfdvZP4CH7-hZcMGMt7x1vJUNrnBQchGLyDKZnTFppmUQ-gnKtbIVQahix53JQhle6Sh8pxJLJ1DUEYn7hgk4_V8wlpFjr09wQ6yHEGhmfP1_R_EfT:1snYtu:yTb3sCJXPrBkor_uNo4aB68eLo6F66Oy8TJMStDcwU8",
        "expire_date": "2024-09-23T07:33:30.741Z"
    }
},
{
    "model": "sessions.session",
    "pk": "snu34exf3rahiujdb2irt6598h0sksps",
    "fields": {
        "session_data": ".eJxVjL1OxDAQhN_F9SpynF1nfSU9T4BO0foHYkA2xImuOPHuONIV0Ewx3zdzV4sc-7ocLW1LjuqiRgV_Oy_hI5UTxHcpb3UItexb9sOpDA_ahuca0-fTw_13sEpb-9qiNT4EnCJqNin4yBbFOsOv4idjOHAwnHAWFzVra52jOU3I5Dx2u59-1Vz2pi6jBiWl3dKW4vJ9pLbnWnr_onDuGrozWF1BhVVy6YAs0ATkgEYgDTQDMRACEZC5_vwCEHFPsA:1soI5F:jtrBIeV_WtPT9aP6q4o82k6kyhW0Wcbian9yIRVatMk",
        "expire_date": "2024-09-25T07:48:13.197Z"
    }
},
{
    "model": "sessions.session",
    "pk": "wn67tpfii6xa8kmgqjz2zywessqjdlry",
    "fields": {
        "session_data": "eyJwb2ludHMiOjAsImFuc3dlcmVkX3F1ZXN0aW9ucyI6W119:1smYoS:8eqE75QjdZbalukVQ16swtKfk-QakjatpwEr84CIV2U",
        "expire_date": "2024-09-20T13:15:44.099Z"
    }
},
{
    "model": "sessions.session",
    "pk": "xht70hgbyq6v71ivf5is98nqqve42zh0",
    "fields": {
        "session_data": "eyJwb2ludHMiOjAsImFuc3dlcmVkX3F1ZXN0aW9ucyI6W119:1slxkU:JqaqaGQ8vXP1f_iuPqdEHYeBwDyZrXdKK4AhkOohD6w",
        "expire_date": "2024-09-18T21:41:10.205Z"
    }
},
{
    "model": "sessions.session",
    "pk": "yi48htngh6caueav7nkfnfszza6q0rc3",
    "fields": {
        "session_data": "eyJjaGFpbiI6WzEzXSwicG9pbnRzIjowfQ:1snrno:s3iR4bbkuzmImPiDYwK3vzfBF3RzZ372Ou9gQ-kZ994",
        "expire_date": "2024-09-24T03:44:28.495Z"
    }
},
{
    "model": "sessions.session",
    "pk": "zzgbizlj8fjlh18zhpuj2ezm74324l7f",
    "fields": {
        "session_data": "eyJjaGFpbiI6WzldLCJwb2ludHMiOjB9:1snoFB:6poK-zFDgzAHabuAvUS3QRRo3p20PblUj-QNjsB-ygk",
        "expire_date": "2024-09-23T23:56:29.916Z"
    }
},
{
    "model": "core.user",
    "fields": {
        "password": "pbkdf2_sha256$870000$koN0QRjiUE7hH55UOKrDjo$mUuFOzdm8EY/lGXrffYuuzjruqmEqzT5yNZkqGdzfwI=",
        "last_login": "2024-09-11T07:38:54.248Z",
        "is_superuser": true,
        "username": "paoli7612",
        "first_name": "",
        "last_name": "",
        "email": "",
        "is_staff": true,
        "is_active": true,
        "date_joined": "2024-09-02T23:36:02Z",
        "bio": "",
        "theme": "yellow",
        "groups": [],
        "user_permissions": []
    }
},
{
    "model": "core.user",
    "fields": {
        "password": "pbkdf2_sha256$870000$aGGUxAygsrr1nhJlAb4XlH$vuTFOvzSj+zti3OJ2gwBHdYahBIC3Wd90s2nNafDcME=",
        "last_login": "2024-09-06T16:30:50.051Z",
        "is_superuser": false,
        "username": "aldo",
        "first_name": "",
        "last_name": "",
        "email": "aldo@gmail.com",
        "is_staff": false,
        "is_active": true,
        "date_joined": "2024-09-06T16:30:49.673Z",
        "bio": "",
        "theme": "blue",
        "groups": [
            [
                "Classe di prova"
            ]
        ],
        "user_permissions": []
    }
},
{
    "model": "core.user",
    "fields": {
        "password": "pbkdf2_sha256$870000$bBCvjPZGdFgrE7cPj7nZZV$7Stx4JlrnTKpgY5kshC4+324FmU59P6Tu6PYuE3AYms=",
        "last_login": "2024-09-06T16:31:02.868Z",
        "is_superuser": false,
        "username": "giovanni",
        "first_name": "",
        "last_name": "",
        "email": "giovanni@gmail.com",
        "is_staff": false,
        "is_active": true,
        "date_joined": "2024-09-06T16:31:02.407Z",
        "bio": "",
        "theme": "blue",
        "groups": [
            [
                "Classe di prova"
            ]
        ],
        "user_permissions": []
    }
},
{
    "model": "core.user",
    "fields": {
        "password": "pbkdf2_sha256$870000$GL7h85MxnHnExbljwBFYi1$9g0mA1xoX0r7stA0+0DI7V1CX5dyj6X4COdVx8JOQ7I=",
        "last_login": "2024-09-06T16:31:13.611Z",
        "is_superuser": false,
        "username": "gicomo",
        "first_name": "",
        "last_name": "",
        "email": "giacomo@gmail.com",
        "is_staff": false,
        "is_active": true,
        "date_joined": "2024-09-06T16:31:13.229Z",
        "bio": "",
        "theme": "blue",
        "groups": [
            [
                "Classe di prova"
            ]
        ],
        "user_permissions": []
    }
},
{
    "model": "core.user",
    "fields": {
        "password": "pbkdf2_sha256$870000$eaO62QEUXjUQi3T3MTjbnN$ckms5bHg6R0dwdssI4EjhSva314ZFRwn0E2Cxvqp5VA=",
        "last_login": "2024-09-07T06:48:47.784Z",
        "is_superuser": false,
        "username": "tomaoli",
        "first_name": "",
        "last_name": "",
        "email": "tomaoli7612@gmail.com",
        "is_staff": false,
        "is_active": true,
        "date_joined": "2024-09-07T06:48:47.424Z",
        "bio": "",
        "theme": "blue",
        "groups": [],
        "user_permissions": []
    }
},
{
    "model": "pawns.pawn",
    "pk": 1,
    "fields": {
        "uuid": "40fe8b0a-f321-4b56-a8a3-8ca614a13984",
        "parent": null,
        "user": [
            "paoli7612"
        ],
        "number": null,
        "name": "ICDL",
        "text": "Moduli per le certificazioni ICDL",
        "image": "pawn_images/icdl_PayIMDT.png",
        "is_public": true,
        "quiz": false,
        "coze": false,
        "groups": []
    }
},
{
    "model": "pawns.pawn",
    "pk": 2,
    "fields": {
        "uuid": "4ceda8bd-d411-4d76-a4f8-5c61d4a791bf",
        "parent": 1,
        "user": [
            "paoli7612"
        ],
        "number": 1,
        "name": "Computer Essentials",
        "text": "Primo modulo delle ICDL. Riguarda nozioni di base del computer, come hardware e software, licenze, stampanti, ...",
        "image": "pawn_images/compes_zxbXrSy.png",
        "is_public": false,
        "quiz": true,
        "coze": true,
        "groups": []
    }
},
{
    "model": "pawns.pawn",
    "pk": 3,
    "fields": {
        "uuid": "b0f2ca8d-00e0-4820-9938-5563071c606b",
        "parent": 1,
        "user": [
            "paoli7612"
        ],
        "number": 2,
        "name": "Online Essentials",
        "text": "Secondo modulo principale delle ICDL. Riguarda il funzionamento delle reti, l'utilizzo dei principali software online, ...",
        "image": "pawn_images/online_Xa1U8x0.png",
        "is_public": false,
        "quiz": false,
        "coze": false,
        "groups": []
    }
},
{
    "model": "pawns.pawn",
    "pk": 4,
    "fields": {
        "uuid": "5c0ff6fa-9fa2-4f19-bd12-72084ab8e5d7",
        "parent": 1,
        "user": [
            "paoli7612"
        ],
        "number": 3,
        "name": "Spreadsheet",
        "text": "Modulo delle ICDL riguardante i fogli di calcolo: celle, formule, funzioni, formati, ...",
        "image": "pawn_images/excel_C6dYwlV.png",
        "is_public": false,
        "quiz": false,
        "coze": false,
        "groups": []
    }
},
{
    "model": "pawns.pawn",
    "pk": 5,
    "fields": {
        "uuid": "991cf03f-f73e-4986-8f88-7542d1d4046e",
        "parent": 2,
        "user": [
            "paoli7612"
        ],
        "number": 1,
        "name": "Computer e dispositivi",
        "text": "Hardware, Software, Licenze, ...",
        "image": "",
        "is_public": false,
        "quiz": true,
        "coze": true,
        "groups": []
    }
},
{
    "model": "pawns.pawn",
    "pk": 6,
    "fields": {
        "uuid": "32166c9a-fa3b-4edb-a012-eed9afb55843",
        "parent": 2,
        "user": [
            "paoli7612"
        ],
        "number": 2,
        "name": "Desktop, Icone, Impostazioni",
        "text": "Icone, Collegamenti, Cartelle, Impostazioni, ...",
        "image": "",
        "is_public": false,
        "quiz": true,
        "coze": true,
        "groups": []
    }
},
{
    "model": "pawns.pawn",
    "pk": 13,
    "fields": {
        "uuid": "d090d61f-d39b-472b-8fdb-0d2a6085f52c",
        "parent": 2,
        "user": [
            "paoli7612"
        ],
        "number": 3,
        "name": "Testi e stampe",
        "text": "Operazioni fondamentali con testi e stampe in ambiente Windows, apertura, modifica e salvataggio di file con Blocco Note e WordPad. Gestione delle stampanti, dall'installazione e configurazione all'uso delle opzioni di stampa, processi di stampa. Funzionalità funzionalità di base, come copiare e spostare testo, utilizzare scorciatoie da tastiera, e inserire screenshot in documenti, ...",
        "image": "",
        "is_public": false,
        "quiz": true,
        "coze": false,
        "groups": []
    }
},
{
    "model": "pawns.pawn",
    "pk": 14,
    "fields": {
        "uuid": "6b6c913a-c53d-40b2-a8b7-0b4980aaf4d3",
        "parent": 1,
        "user": [
            "paoli7612"
        ],
        "number": 4,
        "name": "Presentations",
        "text": "",
        "image": "pawn_images/pp_ynvvjGc.png",
        "is_public": false,
        "quiz": false,
        "coze": false,
        "groups": []
    }
},
{
    "model": "pawns.pawn",
    "pk": 15,
    "fields": {
        "uuid": "c6e4f85d-073e-4a5f-b404-2883f2c8dc6b",
        "parent": 1,
        "user": [
            "paoli7612"
        ],
        "number": 5,
        "name": "Word Processing",
        "text": "",
        "image": "pawn_images/word_VeFTe7Q.png",
        "is_public": false,
        "quiz": false,
        "coze": false,
        "groups": []
    }
},
{
    "model": "pawns.pawn",
    "pk": 16,
    "fields": {
        "uuid": "45b15fe5-8340-4f81-8027-d190c769ec7c",
        "parent": 2,
        "user": [
            "paoli7612"
        ],
        "number": 4,
        "name": "Gestione di file",
        "text": "",
        "image": "",
        "is_public": false,
        "quiz": true,
        "coze": true,
        "groups": []
    }
},
{
    "model": "pawns.pawn",
    "pk": 17,
    "fields": {
        "uuid": "e71602d3-851e-45fa-80d3-4182bdc04162",
        "parent": 2,
        "user": [
            "paoli7612"
        ],
        "number": 5,
        "name": "Reti",
        "text": "",
        "image": "",
        "is_public": false,
        "quiz": true,
        "coze": true,
        "groups": []
    }
},
{
    "model": "pawns.pawn",
    "pk": 18,
    "fields": {
        "uuid": "6d1a6e30-a39f-4413-ada2-2224d56293de",
        "parent": null,
        "user": [
            "paoli7612"
        ],
        "number": null,
        "name": "T-book",
        "text": "Conoscere, Progettare, Collaborare",
        "image": "",
        "is_public": false,
        "quiz": false,
        "coze": false,
        "groups": []
    }
},
{
    "model": "pawns.pawn",
    "pk": 19,
    "fields": {
        "uuid": "963c07eb-bb0c-411f-80cb-430660f61b74",
        "parent": 18,
        "user": [
            "paoli7612"
        ],
        "number": null,
        "name": "Concetti Base",
        "text": "",
        "image": "",
        "is_public": false,
        "quiz": false,
        "coze": false,
        "groups": []
    }
},
{
    "model": "pawns.pawn",
    "pk": 20,
    "fields": {
        "uuid": "b65e6cb3-153e-4b5f-8da3-70068d50d1a9",
        "parent": 18,
        "user": [
            "paoli7612"
        ],
        "number": null,
        "name": "Office Automation",
        "text": "",
        "image": "",
        "is_public": false,
        "quiz": false,
        "coze": false,
        "groups": []
    }
},
{
    "model": "pawns.pawn",
    "pk": 21,
    "fields": {
        "uuid": "7dceed7e-d294-4234-9223-bbcbf2023a73",
        "parent": 18,
        "user": [
            "paoli7612"
        ],
        "number": null,
        "name": "Applicazioni Web e Cloud",
        "text": "",
        "image": "",
        "is_public": false,
        "quiz": false,
        "coze": false,
        "groups": []
    }
},
{
    "model": "pawns.pawn",
    "pk": 22,
    "fields": {
        "uuid": "3844c288-4d20-4086-bec8-9c2ab99c12e7",
        "parent": null,
        "user": [
            "tomaoli"
        ],
        "number": null,
        "name": "Modena",
        "text": "",
        "image": "",
        "is_public": false,
        "quiz": false,
        "coze": false,
        "groups": []
    }
},
{
    "model": "pawns.pawn",
    "pk": 23,
    "fields": {
        "uuid": "70f6d50f-c73a-4801-bbec-fb279979bd02",
        "parent": null,
        "user": [
            "paoli7612"
        ],
        "number": null,
        "name": "Lua Coding",
        "text": "Learn object-oriented programming with Lua... <strong>Work in progress...</strong>",
        "image": "pawn_images/lua.png",
        "is_public": true,
        "quiz": false,
        "coze": false,
        "groups": []
    }
},
{
    "model": "pawns.pawn",
    "pk": 24,
    "fields": {
        "uuid": "3746accd-3540-45ca-8848-6153ad236718",
        "parent": 2,
        "user": [
            "paoli7612"
        ],
        "number": 6,
        "name": "Sicurezza e Benessere",
        "text": "Sicurezza informatica, protezione dei dati, backup, malware, ergonomia, risparmio energetico e corretto riciclo elettronico",
        "image": "",
        "is_public": true,
        "quiz": true,
        "coze": true,
        "groups": []
    }
},
{
    "model": "pawns.sentence",
    "pk": 1,
    "fields": {
        "pawn": 5,
        "text": "L' *ICT* include tecnologie per archiviare, elaborare e trasmettere *informazioni*",
        "image": ""
    }
},
{
    "model": "pawns.sentence",
    "pk": 2,
    "fields": {
        "pawn": 5,
        "text": "E- *Commerce* consente la compravendita di beni e servizi online",
        "image": ""
    }
},
{
    "model": "pawns.sentence",
    "pk": 3,
    "fields": {
        "pawn": 5,
        "text": "Lo smart working permette di *lavorare* da remoto usanto internet",
        "image": ""
    }
},
{
    "model": "pawns.sentence",
    "pk": 4,
    "fields": {
        "pawn": 6,
        "text": "Il *desktop* è la schermata iniziale che appare dopo l'accensione del *computer*",
        "image": ""
    }
},
{
    "model": "pawns.sentence",
    "pk": 5,
    "fields": {
        "pawn": 6,
        "text": "La barra delle *applicazioni* fornisce accesso *rapido* a file e applicazioni",
        "image": ""
    }
},
{
    "model": "pawns.sentence",
    "pk": 6,
    "fields": {
        "pawn": 6,
        "text": "Le *finestre* possono essere ridotte a icona, espanse a tutto *schermo* , o ridimensionate",
        "image": ""
    }
},
{
    "model": "pawns.sentence",
    "pk": 23,
    "fields": {
        "pawn": 5,
        "text": "Il *processore* è la parte che esegue i calcoli e controlla le applicazioni",
        "image": ""
    }
},
{
    "model": "pawns.sentence",
    "pk": 24,
    "fields": {
        "pawn": 5,
        "text": "Le porte *USB* collegano dispositivi come mouse e stampanti al computer",
        "image": ""
    }
},
{
    "model": "pawns.sentence",
    "pk": 25,
    "fields": {
        "pawn": 17,
        "text": "Una rete *locale* è una rete ridotta che mette in comunicazione dispositivi vicini",
        "image": ""
    }
},
{
    "model": "pawns.sentence",
    "pk": 26,
    "fields": {
        "pawn": 17,
        "text": "L'acronimo di LAN è *Local* Area *Network*",
        "image": ""
    }
},
{
    "model": "pawns.sentence",
    "pk": 32,
    "fields": {
        "pawn": 24,
        "text": "Il firewall è un sistema di *sicurezza* con il quale si cerca di evitare che estranei possano accedere a *dati* presenti in un dispositivo",
        "image": ""
    }
},
{
    "model": "pawns.question",
    "pk": 1,
    "fields": {
        "pawn": 5,
        "text": "Quale di questi è un esempio di servizio ICT?",
        "correct": "E-learning",
        "a1": "RAM",
        "a2": "Processore",
        "a3": "Input/Output"
    }
},
{
    "model": "pawns.question",
    "pk": 5,
    "fields": {
        "pawn": 5,
        "text": "Quale delle seguenti NON può essere una periferica di input?",
        "correct": "Monitor",
        "a1": "Mouse",
        "a2": "Tastiera",
        "a3": "Touch-screen"
    }
},
{
    "model": "pawns.question",
    "pk": 6,
    "fields": {
        "pawn": 5,
        "text": "Quale delle seguenti NON può essere una periferica di output?",
        "correct": "Mouse",
        "a1": "Proiettore",
        "a2": "Stampante",
        "a3": "Casse audio"
    }
},
{
    "model": "pawns.question",
    "pk": 7,
    "fields": {
        "pawn": 5,
        "text": "Quale dispositivo è considerato un esempio di hardware?",
        "correct": "Scheda RAM",
        "a1": "Google Chrome",
        "a2": "Minecraft",
        "a3": "Windows 11"
    }
},
{
    "model": "pawns.question",
    "pk": 8,
    "fields": {
        "pawn": 5,
        "text": "Qual è la funzione della memoria RAM in un computer?",
        "correct": "Contenere i dati temporanei durante l'uso del computer",
        "a1": "Controllare e gestire il flusso di elettricità all'interno del computer",
        "a2": "Installare e memorizzare dati a lungo termine",
        "a3": "Avviare ed eseguire rapidamente i videogiochi"
    }
},
{
    "model": "pawns.question",
    "pk": 9,
    "fields": {
        "pawn": 6,
        "text": "Quale combinazione di tasti permette di passare tra applicazioni aperte in Windows?",
        "correct": "Alt + Tab",
        "a1": "Ctrl + Tab",
        "a2": "Shift + Tab",
        "a3": "Ctrl + Alt"
    }
},
{
    "model": "pawns.question",
    "pk": 10,
    "fields": {
        "pawn": 6,
        "text": "Come è possibile creare un collegamento a un'applicazione nella barra delle applicazioni in Windows?",
        "correct": "Tasto destro sull'icona e selezionando \"Aggiungi alla barra delle applicazioni\"",
        "a1": "Copiando l'applicazione nella cartella di sistema",
        "a2": "Trascinando l'icona nel cestino per poi ripristinarla sulla barra delle applicazioni",
        "a3": "Selezionando \"Ordina per\" dal menu contestuale del desktop"
    }
},
{
    "model": "pawns.question",
    "pk": 11,
    "fields": {
        "pawn": 13,
        "text": "Come si apre un file di testo utilizzando Blocco Note?",
        "correct": "Avvia Blocco Note, File > Apri",
        "a1": "Premendo Alt + F4",
        "a2": "Selezionando File > Apri > Software di sistema > Blocco note",
        "a3": "Facendo doppio clic destro sull’icona"
    }
},
{
    "model": "pawns.question",
    "pk": 12,
    "fields": {
        "pawn": 13,
        "text": "Quali sono i passaggi per copiare e incollare del testo in un documento?",
        "correct": "Selezionare, tasto destro Copia, tasto destro Incolla",
        "a1": "Selezionare, trascinare con il mouse dove si vuole copiare",
        "a2": "Premere Ctrl-P per copiare e Ctrl-C per incollare",
        "a3": "Premere Ctrl-C per copiare e Ctrl-I per incollare"
    }
},
{
    "model": "pawns.question",
    "pk": 13,
    "fields": {
        "pawn": 13,
        "text": "Come si installa una stampante sul computer?",
        "correct": "Impostazioni > Dispositivi > Stampanti e scanner > Aggiungi una stampante",
        "a1": "Collegare la stampante e riavviare il computer",
        "a2": "Inserire il disco del driver della stampante e disinstallare il software",
        "a3": "Premere Alt + F4 e selezionare “Installa stampante”"
    }
},
{
    "model": "pawns.question",
    "pk": 14,
    "fields": {
        "pawn": 16,
        "text": "Come è organizzata una struttura di file e cartelle in un sistema operativo?",
        "correct": "In una struttura gerarchica",
        "a1": "In base alla dimensione dei file",
        "a2": "In ordine alfabetico",
        "a3": "In modo casuale"
    }
},
{
    "model": "pawns.question",
    "pk": 15,
    "fields": {
        "pawn": 16,
        "text": "Qual è il metodo più rapido per visualizzare il contenuto di un'unità disco su Windows?",
        "correct": "Tramite l'applicazione Esplora file",
        "a1": "Utilizzare lo strumento Gestione Attività",
        "a2": "Cercare i file su Internet",
        "a3": "Aprire il Pannello di controllo"
    }
},
{
    "model": "pawns.question",
    "pk": 16,
    "fields": {
        "pawn": 17,
        "text": "Qual è la principale funzione di una rete LAN (Local Area Network)?",
        "correct": "Collegare dispositivi in una rete privata",
        "a1": "Collegare computer tramite satellite",
        "a2": "Accedere a Internet in remoto",
        "a3": "Collegare computer in diverse città"
    }
},
{
    "model": "pawns.question",
    "pk": 17,
    "fields": {
        "pawn": 17,
        "text": "Cosa significa \"W-LAN\"?",
        "correct": "Wireless Local Area Network",
        "a1": "Wired Local Access Network",
        "a2": "Wide Local Area Network",
        "a3": "Wireless Area Network"
    }
},
{
    "model": "pawns.question",
    "pk": 18,
    "fields": {
        "pawn": 17,
        "text": "Quale di queste è un'unità di misura della velocità di trasferimento dati?",
        "correct": "Mbps",
        "a1": "Kb",
        "a2": "MB",
        "a3": "GB"
    }
},
{
    "model": "pawns.question",
    "pk": 26,
    "fields": {
        "pawn": 16,
        "text": "Cosa rappresenta un file nel sistema operativo?",
        "correct": "Una risorsa memorizzata",
        "a1": "Un componente del sistema operativo",
        "a2": "Un insieme di cartelle",
        "a3": "Dei documenti ordinati"
    }
},
{
    "model": "pawns.question",
    "pk": 27,
    "fields": {
        "pawn": 16,
        "text": "Qual è la funzione del tasto F2 nella gestione dei file?",
        "correct": "Rinomina un file",
        "a1": "Elimina un file",
        "a2": "Copia un file",
        "a3": "Sposta un file"
    }
},
{
    "model": "pawns.question",
    "pk": 28,
    "fields": {
        "pawn": 16,
        "text": "Quale di queste estensioni è tipica di un file eseguibile?",
        "correct": ".exe",
        "a1": ".jpg",
        "a2": ".pdf",
        "a3": ".mp4"
    }
},
{
    "model": "pawns.question",
    "pk": 29,
    "fields": {
        "pawn": 16,
        "text": "Come si seleziona un gruppo di file non adiacenti?",
        "correct": "Tenendo premuto il tasto Ctrl, cliccando sui file",
        "a1": "Cliccando su Seleziona tutto",
        "a2": "Tenendo premuto il tasto Shift e cliccando sui file",
        "a3": "Usando il tasto F12"
    }
},
{
    "model": "pawns.question",
    "pk": 30,
    "fields": {
        "pawn": 16,
        "text": "Cosa avviene quando si elimina un file in Windows?",
        "correct": "Il file viene inviato al cestino",
        "a1": "Il file viene immediatamente cancellato",
        "a2": "Il file viene archiviato automaticamente",
        "a3": "Il file viene rinominato"
    }
},
{
    "model": "pawns.question",
    "pk": 31,
    "fields": {
        "pawn": 16,
        "text": "Qual è la funzione del tasto Ctrl + C in Windows?",
        "correct": "Copiare",
        "a1": "Tagliare",
        "a2": "Incollare",
        "a3": "Eliminare"
    }
},
{
    "model": "pawns.question",
    "pk": 32,
    "fields": {
        "pawn": 16,
        "text": "Cosa succede se si preme Ctrl + V?",
        "correct": "Si incolla un file",
        "a1": "Si copia un file",
        "a2": "Si valuta un file",
        "a3": "Si elimina un file"
    }
},
{
    "model": "pawns.question",
    "pk": 33,
    "fields": {
        "pawn": 16,
        "text": "Cosa indica l'estensione pdf?",
        "correct": "Documento portatile",
        "a1": "Foglio di calcolo",
        "a2": "Immagine o video",
        "a3": "Un programma o un file eseguibile"
    }
},
{
    "model": "pawns.question",
    "pk": 34,
    "fields": {
        "pawn": 5,
        "text": "Cosa rappresenta la RAM in un computer?",
        "correct": "Una memoria temporanea",
        "a1": "Una memoria di massa permanente",
        "a2": "Un sistema di backup per i file importanti",
        "a3": "Un dispositivo di input/output"
    }
},
{
    "model": "pawns.question",
    "pk": 35,
    "fields": {
        "pawn": 5,
        "text": "Qual è lo scopo di una porta USB?",
        "correct": "Per far comunicare vari dispositivi al computer",
        "a1": "Per alimentare il monitor del computer o le periferiche di input",
        "a2": "Per la connessione ad Internet",
        "a3": "Solo per collegare stampanti"
    }
},
{
    "model": "pawns.question",
    "pk": 36,
    "fields": {
        "pawn": 5,
        "text": "Quale dei seguenti è un sistema operativo?",
        "correct": "Windows",
        "a1": "Photoshop",
        "a2": "Microsoft Word",
        "a3": "Google Chrome"
    }
},
{
    "model": "pawns.question",
    "pk": 37,
    "fields": {
        "pawn": 5,
        "text": "Cos'è un EULA?",
        "correct": "Un contratto di licenza tra l'utente e il produttore di un software",
        "a1": "Un tipo di software open source che necessita della firma di un contratto durante l'installazione",
        "a2": "Un programma di sicurezza del computer",
        "a3": "Una porta per collegare una specifica periferica di input"
    }
},
{
    "model": "pawns.question",
    "pk": 38,
    "fields": {
        "pawn": 5,
        "text": "Quale di questi servizi è un esempio di e-commerce?",
        "correct": "Acquistare prodotti online",
        "a1": "L'acquisto di prodotti in negozio fisico",
        "a2": "Utilizzare l'email per inviare messaggi",
        "a3": "Usare una rete locale per condividere file"
    }
},
{
    "model": "pawns.question",
    "pk": 39,
    "fields": {
        "pawn": 17,
        "text": "Cos'è una rete informatica?",
        "correct": "Un sistema di collegamento tra due o più dispositivi elettronici",
        "a1": "Un gruppo di computer che comunicano e condividono un solo programma",
        "a2": "Un insieme di pagine web",
        "a3": "Un programma per la gestione di file"
    }
},
{
    "model": "pawns.question",
    "pk": 40,
    "fields": {
        "pawn": 17,
        "text": "Che cos'è il VoIP?",
        "correct": "Una tecnologia che permette di effettuare telefonate tramite Internet",
        "a1": "Un servizio di messaggistica istantanea che sfrutta le connessioni agli ISP",
        "a2": "Un protocollo per trasferire dati via cavo",
        "a3": "Un metodo per inviare email più velocemente"
    }
},
{
    "model": "pawns.question",
    "pk": 41,
    "fields": {
        "pawn": 17,
        "text": "Qual è la funzione principale di una VPN (Virtual Private Network)?",
        "correct": "Garantire una connessione sicura attraverso nodi non sicuri",
        "a1": "Bloccare l'accesso a siti web non sicuri in base agli altri utenti collegati",
        "a2": "Aumentare la velocità di Internet",
        "a3": "Connettere computer in una rete locale"
    }
},
{
    "model": "pawns.question",
    "pk": 42,
    "fields": {
        "pawn": 17,
        "text": "Che cosa significa \"download\" nel contesto di in una rete?",
        "correct": "Trasferire dati dalla rete a un dispositivo",
        "a1": "Trasferire dati da un dispositivo alla rete",
        "a2": "Salvare file su una rete",
        "a3": "Collegare due computer insieme"
    }
},
{
    "model": "pawns.question",
    "pk": 43,
    "fields": {
        "pawn": 17,
        "text": "Cos'è un ISP (Internet Service Provider)?",
        "correct": "Un fornitore di servizi Internet",
        "a1": "Un software per gestire le reti wireless",
        "a2": "Un tipo di router wireless",
        "a3": "Una rete privata per le aziende"
    }
},
{
    "model": "pawns.question",
    "pk": 44,
    "fields": {
        "pawn": 17,
        "text": "Qual è la funzione principale di un firewall in una rete aziendale?",
        "correct": "Prevenire accessi non autorizzati e proteggere la rete da intrusioni esterne",
        "a1": "Gestire le connessioni wireless dei dipendenti e limitare il traffico ai non dipendenti",
        "a2": "Controllare la quantità di dati caricati su Internet",
        "a3": "Accelerare la velocità di trasmissione dei dati"
    }
},
{
    "model": "pawns.question",
    "pk": 45,
    "fields": {
        "pawn": 17,
        "text": "Quale di questi protocolli viene utilizzato per garantire la trasmissione sicura di dati su Internet?",
        "correct": "HTTPS",
        "a1": "HTTP",
        "a2": "POP3",
        "a3": "FTP"
    }
},
{
    "model": "pawns.question",
    "pk": 50,
    "fields": {
        "pawn": 24,
        "text": "Qual è lo scopo di un backup regolare dei dati? ",
        "correct": "Evitare la perdita di informazioni",
        "a1": "Aumentare la velocità del PC",
        "a2": "Installare nuovi programmi",
        "a3": "Disattivare il firewall"
    }
},
{
    "model": "pawns.question",
    "pk": 51,
    "fields": {
        "pawn": 24,
        "text": "\r\nCosa rappresenta il termine \"worm\"? ",
        "correct": "Un tipo di malware",
        "a1": "Un dispositivo di rete",
        "a2": "Un antivirus",
        "a3": "Un'applicazione di posta elettronica"
    }
},
{
    "model": "pawns.question",
    "pk": 52,
    "fields": {
        "pawn": 24,
        "text": "\r\nQual è una caratteristica degli spyware? ",
        "correct": "Raccolgono informazioni a insaputa dell'utente",
        "a1": "Aumentano la velocità del computer",
        "a2": "Eliminano i file temporanei",
        "a3": "Installano nuovi software"
    }
},
{
    "model": "pawns.question",
    "pk": 53,
    "fields": {
        "pawn": 24,
        "text": "\r\nQuale tra i seguenti è un metodo per prevenire le infezioni da malware? ",
        "correct": "Non aprire allegati sconosciuti",
        "a1": "Aumentare la luminosità dello schermo",
        "a2": "Spegnere il computer ogni ora",
        "a3": "Installare programmi casuali da internet"
    }
},
{
    "model": "pawns.question",
    "pk": 54,
    "fields": {
        "pawn": 24,
        "text": "\r\nCosa si intende per \"phishing\"? ",
        "correct": "Tentativo di ottenere informazioni personali",
        "a1": "Aggiornamento del sistema operativo",
        "a2": "Backup dei file",
        "a3": "Ottimizzazione della rete"
    }
},
{
    "model": "pawns.question",
    "pk": 55,
    "fields": {
        "pawn": 24,
        "text": "\r\nCome può un malware infettare un computer? ",
        "correct": "Attraverso allegati email",
        "a1": "Usando solo software antivirus",
        "a2": "Aumentando la memoria del PC",
        "a3": "Spegnendo il computer regolarmente"
    }
},
{
    "model": "pawns.question",
    "pk": 56,
    "fields": {
        "pawn": 24,
        "text": "\r\nQual è una buona pratica per proteggere le password? ",
        "correct": "Modificarle regolarmente",
        "a1": "Scriverle su un foglio di carta",
        "a2": "Condividerle con colleghi fidati",
        "a3": "Utilizzare sempre la stessa password"
    }
},
{
    "model": "pawns.question",
    "pk": 57,
    "fields": {
        "pawn": 24,
        "text": "\r\nQual è uno dei principali obiettivi del firewall? ",
        "correct": "Bloccare tentativi di accesso non autorizzato",
        "a1": "Aumentare la velocità di navigazione",
        "a2": "Scaricare automaticamente file",
        "a3": "Spegnere il computer durante la notte"
    }
},
{
    "model": "pawns.question",
    "pk": 58,
    "fields": {
        "pawn": 24,
        "text": "\r\nQual è una precauzione da prendere con le unità esterne di memoria? ",
        "correct": "Scansionarle con l'antivirus",
        "a1": "Usarle senza limiti",
        "a2": "Condividerle con chiunque",
        "a3": "Spegnere il computer prima di utilizzarle"
    }
},
{
    "model": "pawns.question",
    "pk": 59,
    "fields": {
        "pawn": 24,
        "text": "\r\nCosa si consiglia per ridurre i riflessi sullo schermo? ",
        "correct": "Regolare l'illuminazione",
        "a1": "Aumentare la luminosità al massimo",
        "a2": "Usare uno schermo più piccolo",
        "a3": "Spegnere il monitor regolarmente"
    }
},
{
    "model": "pawns.question",
    "pk": 60,
    "fields": {
        "pawn": 13,
        "text": "Quale applicazione permette di creare documenti di testo con più opzioni di formattazione? ",
        "correct": "WordPad",
        "a1": "Blocco Note",
        "a2": "Task Manager",
        "a3": "Pannello di controllo"
    }
},
{
    "model": "pawns.question",
    "pk": 61,
    "fields": {
        "pawn": 13,
        "text": "\r\nQuale combinazione di tasti apre un file in Blocco Note? ",
        "correct": "Ctrl+F12",
        "a1": "Alt+F4",
        "a2": "Ctrl+V",
        "a3": "Shift+Esc"
    }
},
{
    "model": "pawns.question",
    "pk": 62,
    "fields": {
        "pawn": 13,
        "text": "\r\nCosa succede se premi il tasto Invio in un editor di testo? ",
        "correct": "Vai a capo",
        "a1": "Salvi il documento",
        "a2": "Chiudi l'applicazione",
        "a3": "Cambi font"
    }
},
{
    "model": "pawns.question",
    "pk": 63,
    "fields": {
        "pawn": 13,
        "text": "\r\nQual è l'icona che rappresenta il comando \"Copia\" in WordPad? ",
        "correct": "Due fogli affiancati",
        "a1": "Una cartella",
        "a2": "Una stampante",
        "a3": "Un paio di forbici"
    }
},
{
    "model": "pawns.question",
    "pk": 64,
    "fields": {
        "pawn": 13,
        "text": "\r\nQual è il comando da utilizzare per spostare del testo selezionato in un altro punto? ",
        "correct": "Taglia",
        "a1": "Copia",
        "a2": "Incolla",
        "a3": "Salva"
    }
},
{
    "model": "pawns.question",
    "pk": 65,
    "fields": {
        "pawn": 13,
        "text": "\r\nQuale combinazione di tasti si usa per incollare del testo? ",
        "correct": "Ctrl+V",
        "a1": "Ctrl+X",
        "a2": "Alt+F4",
        "a3": "Shift+C"
    }
},
{
    "model": "pawns.question",
    "pk": 66,
    "fields": {
        "pawn": 13,
        "text": "\r\nCome si può installare una nuova stampante su un computer? ",
        "correct": "Utilizzando \"Aggiungi una stampante o uno scanner\"",
        "a1": "Cliccando \"Elimina file\"",
        "a2": "Aprendo WordPad",
        "a3": "Riavviando il computer"
    }
},
{
    "model": "pawns.question",
    "pk": 67,
    "fields": {
        "pawn": 6,
        "text": "Qual è lo scopo principale del desktop? ",
        "correct": "Accedere rapidamente a file e applicazioni",
        "a1": "Aumentare la memoria",
        "a2": "Ripristinare il sistema",
        "a3": "Spegnere il computer"
    }
},
{
    "model": "pawns.question",
    "pk": 68,
    "fields": {
        "pawn": 6,
        "text": "\r\nCosa rappresenta l'icona del Cestino? ",
        "correct": "File cancellati temporaneamente",
        "a1": "Applicazioni in uso",
        "a2": "Backup dei dati",
        "a3": "Impostazioni di sistema"
    }
},
{
    "model": "pawns.question",
    "pk": 69,
    "fields": {
        "pawn": 6,
        "text": "\r\nCome si chiude una finestra in Windows? ",
        "correct": "Cliccando sulla \"X\" in alto a destra",
        "a1": "Cliccando su \"File\"",
        "a2": "Premendo Ctrl+S",
        "a3": "Riducendo a icona la finestra"
    }
},
{
    "model": "pawns.question",
    "pk": 70,
    "fields": {
        "pawn": 6,
        "text": "\r\nQuale tasto permette di catturare l'immagine dell'intero schermo? ",
        "correct": "Tasto Stamp",
        "a1": "Tasto Ctrl",
        "a2": "Tasto Alt",
        "a3": "Tasto Esc"
    }
},
{
    "model": "pawns.question",
    "pk": 71,
    "fields": {
        "pawn": 6,
        "text": "\r\nCosa succede cliccando il pulsante \"Start\" nella barra delle applicazioni? ",
        "correct": "Si accede ai menu di sistema",
        "a1": "Si riavvia il computer",
        "a2": "Si attiva la modalità aereo",
        "a3": "Si apre un file di testo"
    }
},
{
    "model": "pawns.question",
    "pk": 72,
    "fields": {
        "pawn": 6,
        "text": "\r\nQual è la funzione del pulsante Visualizzazione attività nella barra delle applicazioni? ",
        "correct": "Mostra le applicazioni aperte",
        "a1": "Chiude tutte le finestre",
        "a2": "Apre il Task Manager",
        "a3": "Spegne il sistema"
    }
},
{
    "model": "pawns.question",
    "pk": 73,
    "fields": {
        "pawn": 6,
        "text": "\r\nCome si può spostare un'icona sul desktop? ",
        "correct": "Con il drag and drop",
        "a1": "Cliccando due volte",
        "a2": "Utilizzando Ctrl+C",
        "a3": "Ridimensionando la finestra"
    }
},
{
    "model": "pawns.question",
    "pk": 74,
    "fields": {
        "pawn": 6,
        "text": "\r\nQual è la funzione della barra di scorrimento in una finestra? ",
        "correct": "Permette di navigare nel contenuto della finestra",
        "a1": "Aumenta la luminosità dello schermo",
        "a2": "Spegne il computer",
        "a3": "Modifica il volume audio"
    }
},
{
    "model": "admin.logentry",
    "pk": 1,
    "fields": {
        "action_time": "2024-09-08T23:55:01.240Z",
        "user": [
            "paoli7612"
        ],
        "content_type": [
            "core",
            "user"
        ],
        "object_id": "1",
        "object_repr": "paoli7612",
        "action_flag": 2,
        "change_message": "[{\"changed\": {\"fields\": [\"Username\"]}}]"
    }
}
]
